Keyword,Cluster,Search Intent,Suggested Target Page,Priority
fintrack,Branded,Navigational,Home /,High
fintrack app,Branded,Navigational,Home /,High
fintrack uae,Branded,Navigational,Home /,High
fintrack login,Branded,Navigational,Home /,High
fintrack pricing,Branded,Navigational,Home /,High
fintrack review,Branded,Navigational,Home /,High
fintrack app review,Branded,Navigational,Home /,High
fintrack expense tracker,Branded,Navigational,Home /,High
fintrack safe to spend,Branded,Navigational,Home /,High
fintrack vs ynab,Branded,Navigational,Home /,High
fintrack alternative,Branded,Navigational,Home /,High
is fintrack safe,Branded,Navigational,Home /,High
fintrack sign up,Branded,Navigational,Home /,High
fintrack dubai,Branded,Navigational,Home /,High
fintrack.app,Branded,Navigational,Home /,High
expense tracker,Core / Head Terms,Commercial,Home /,High
expense tracker app,Core / Head Terms,Commercial,Home /,High
budget app,Core / Head Terms,Commercial,Home /,High
budgeting app,Core / Head Terms,Commercial,Home /,High
personal finance app,Core / Head Terms,Commercial,Home /,High
money management app,Core / Head Terms,Commercial,Home /,High
expense tracker uae,Core / Head Terms,Commercial,Home /,High
budget app uae,Core / Head Terms,Commercial,Home /,High
budgeting app dubai,Core / Head Terms,Commercial,Home /,High
personal finance app uae,Core / Head Terms,Commercial,Home /,High
expense tracker dubai,Core / Head Terms,Commercial,Home /,High
best budgeting app,Core / Head Terms,Commercial,Home /,High
best expense tracker app,Core / Head Terms,Commercial,Home /,High
free budgeting app,Core / Head Terms,Commercial,Home /,High
free expense tracker,Core / Head Terms,Commercial,Home /,High
spending tracker app,Core / Head Terms,Commercial,Home /,High
money tracker app,Core / Head Terms,Commercial,Home /,High
bank statement scanner app,Core / Head Terms,Commercial,Home /,High
ai expense tracker,Core / Head Terms,Commercial,Home /,High
ai budgeting app,Core / Head Terms,Commercial,Home /,High
smart budgeting app,Core / Head Terms,Commercial,Home /,High
budget planner app,Core / Head Terms,Commercial,Home /,High
household budget app,Core / Head Terms,Commercial,Home /,High
daily expense tracker,Core / Head Terms,Commercial,Home /,High
monthly expense tracker app,Core / Head Terms,Commercial,Home /,High
expense manager app,Core / Head Terms,Commercial,Home /,High
finance tracking app uae,Core / Head Terms,Commercial,Home /,High
best finance app uae,Core / Head Terms,Commercial,Home /,High
budget tracker app free,Core / Head Terms,Commercial,Home /,High
safe to spend app,Feature / Product,Commercial,Home / #features,High
safe to spend calculator,Feature / Product,Commercial,Home / #features,High
how much can i safely spend,Feature / Product,Commercial,Home / #features,High
bank statement ocr,Feature / Product,Commercial,Home / #features,High
pdf bank statement scanner,Feature / Product,Commercial,Home / #features,High
auto categorize transactions app,Feature / Product,Commercial,Home / #features,High
ai transaction categorization,Feature / Product,Commercial,Home / #features,High
upload bank statement app,Feature / Product,Commercial,Home / #features,High
scan bank statement pdf,Feature / Product,Commercial,Home / #features,High
ai finance chat assistant,Feature / Product,Commercial,Home / #features,High
ask ai about my spending,Feature / Product,Commercial,Home / #features,High
ai spending insights app,Feature / Product,Commercial,Home / #features,High
conversational finance ai,Feature / Product,Commercial,Home / #features,High
net worth tracker app,Feature / Product,Commercial,Home / #features,High
savings goal tracker app,Feature / Product,Commercial,Home / #features,High
budget alert app,Feature / Product,Commercial,Home / #features,High
spending alert app,Feature / Product,Commercial,Home / #features,High
multi-currency budget app,Feature / Product,Commercial,Home / #features,High
aed usd budget app,Feature / Product,Commercial,Home / #features,High
family budgeting app,Feature / Product,Commercial,Home / #features,High
shared budget app for couples,Feature / Product,Commercial,Home / #features,High
household budget sharing app,Feature / Product,Commercial,Home / #features,High
expense categorization software,Feature / Product,Commercial,Home / #features,High
automatic expense categorization,Feature / Product,Commercial,Home / #features,High
recurring bill tracker app,Feature / Product,Commercial,Home / #features,High
bill reminder app uae,Feature / Product,Commercial,Home / #features,High
spending trends app,Feature / Product,Commercial,Home / #features,High
monthly spending report app,Feature / Product,Commercial,Home / #features,High
financial dashboard app,Feature / Product,Commercial,Home / #features,High
real-time balance tracker,Feature / Product,Commercial,Home / #features,High
zero manual entry budgeting app,Feature / Product,Commercial,Home / #features,High
no bank login expense tracker,Feature / Product,Commercial,Home / #features,High
secure budgeting app no bank connection,Feature / Product,Commercial,Home / #features,High
Emirates NBD statement import,UAE Bank-Specific,Transactional,Home / (bank support section),Medium
Emirates NBD statement pdf import,UAE Bank-Specific,Transactional,Home / (bank support section),Medium
Emirates NBD bank statement ocr,UAE Bank-Specific,Transactional,Home / (bank support section),Medium
Emirates NBD expense tracker,UAE Bank-Specific,Transactional,Home / (bank support section),Medium
Emirates NBD budgeting app,UAE Bank-Specific,Transactional,Home / (bank support section),Medium
Emirates NBD transaction categorization,UAE Bank-Specific,Transactional,Home / (bank support section),Medium
Emirates NBD statement upload app,UAE Bank-Specific,Transactional,Home / (bank support section),Medium
ADCB statement import,UAE Bank-Specific,Transactional,Home / (bank support section),Medium
ADCB statement pdf import,UAE Bank-Specific,Transactional,Home / (bank support section),Medium
ADCB bank statement ocr,UAE Bank-Specific,Transactional,Home / (bank support section),Medium
ADCB expense tracker,UAE Bank-Specific,Transactional,Home / (bank support section),Medium
ADCB budgeting app,UAE Bank-Specific,Transactional,Home / (bank support section),Medium
ADCB transaction categorization,UAE Bank-Specific,Transactional,Home / (bank support section),Medium
ADCB statement upload app,UAE Bank-Specific,Transactional,Home / (bank support section),Medium
FAB statement import,UAE Bank-Specific,Transactional,Home / (bank support section),Medium
FAB statement pdf import,UAE Bank-Specific,Transactional,Home / (bank support section),Medium
FAB bank statement ocr,UAE Bank-Specific,Transactional,Home / (bank support section),Medium
FAB expense tracker,UAE Bank-Specific,Transactional,Home / (bank support section),Medium
FAB budgeting app,UAE Bank-Specific,Transactional,Home / (bank support section),Medium
FAB transaction categorization,UAE Bank-Specific,Transactional,Home / (bank support section),Medium
FAB statement upload app,UAE Bank-Specific,Transactional,Home / (bank support section),Medium
First Abu Dhabi Bank statement import,UAE Bank-Specific,Transactional,Home / (bank support section),Medium
First Abu Dhabi Bank statement pdf import,UAE Bank-Specific,Transactional,Home / (bank support section),Medium
First Abu Dhabi Bank bank statement ocr,UAE Bank-Specific,Transactional,Home / (bank support section),Medium
First Abu Dhabi Bank expense tracker,UAE Bank-Specific,Transactional,Home / (bank support section),Medium
First Abu Dhabi Bank budgeting app,UAE Bank-Specific,Transactional,Home / (bank support section),Medium
First Abu Dhabi Bank transaction categorization,UAE Bank-Specific,Transactional,Home / (bank support section),Medium
First Abu Dhabi Bank statement upload app,UAE Bank-Specific,Transactional,Home / (bank support section),Medium
Mashreq statement import,UAE Bank-Specific,Transactional,Home / (bank support section),Medium
Mashreq statement pdf import,UAE Bank-Specific,Transactional,Home / (bank support section),Medium
Mashreq bank statement ocr,UAE Bank-Specific,Transactional,Home / (bank support section),Medium
Mashreq expense tracker,UAE Bank-Specific,Transactional,Home / (bank support section),Medium
Mashreq budgeting app,UAE Bank-Specific,Transactional,Home / (bank support section),Medium
Mashreq transaction categorization,UAE Bank-Specific,Transactional,Home / (bank support section),Medium
Mashreq statement upload app,UAE Bank-Specific,Transactional,Home / (bank support section),Medium
RAKBank statement import,UAE Bank-Specific,Transactional,Home / (bank support section),Medium
RAKBank statement pdf import,UAE Bank-Specific,Transactional,Home / (bank support section),Medium
RAKBank bank statement ocr,UAE Bank-Specific,Transactional,Home / (bank support section),Medium
RAKBank expense tracker,UAE Bank-Specific,Transactional,Home / (bank support section),Medium
RAKBank budgeting app,UAE Bank-Specific,Transactional,Home / (bank support section),Medium
RAKBank transaction categorization,UAE Bank-Specific,Transactional,Home / (bank support section),Medium
RAKBank statement upload app,UAE Bank-Specific,Transactional,Home / (bank support section),Medium
DIB statement import,UAE Bank-Specific,Transactional,Home / (bank support section),Medium
DIB statement pdf import,UAE Bank-Specific,Transactional,Home / (bank support section),Medium
DIB bank statement ocr,UAE Bank-Specific,Transactional,Home / (bank support section),Medium
DIB expense tracker,UAE Bank-Specific,Transactional,Home / (bank support section),Medium
DIB budgeting app,UAE Bank-Specific,Transactional,Home / (bank support section),Medium
DIB transaction categorization,UAE Bank-Specific,Transactional,Home / (bank support section),Medium
DIB statement upload app,UAE Bank-Specific,Transactional,Home / (bank support section),Medium
Dubai Islamic Bank statement import,UAE Bank-Specific,Transactional,Home / (bank support section),Medium
Dubai Islamic Bank statement pdf import,UAE Bank-Specific,Transactional,Home / (bank support section),Medium
Dubai Islamic Bank bank statement ocr,UAE Bank-Specific,Transactional,Home / (bank support section),Medium
Dubai Islamic Bank expense tracker,UAE Bank-Specific,Transactional,Home / (bank support section),Medium
Dubai Islamic Bank budgeting app,UAE Bank-Specific,Transactional,Home / (bank support section),Medium
Dubai Islamic Bank transaction categorization,UAE Bank-Specific,Transactional,Home / (bank support section),Medium
Dubai Islamic Bank statement upload app,UAE Bank-Specific,Transactional,Home / (bank support section),Medium
HSBC UAE statement import,UAE Bank-Specific,Transactional,Home / (bank support section),Medium
HSBC UAE statement pdf import,UAE Bank-Specific,Transactional,Home / (bank support section),Medium
HSBC UAE bank statement ocr,UAE Bank-Specific,Transactional,Home / (bank support section),Medium
HSBC UAE expense tracker,UAE Bank-Specific,Transactional,Home / (bank support section),Medium
HSBC UAE budgeting app,UAE Bank-Specific,Transactional,Home / (bank support section),Medium
HSBC UAE transaction categorization,UAE Bank-Specific,Transactional,Home / (bank support section),Medium
HSBC UAE statement upload app,UAE Bank-Specific,Transactional,Home / (bank support section),Medium
CBD statement import,UAE Bank-Specific,Transactional,Home / (bank support section),Medium
CBD statement pdf import,UAE Bank-Specific,Transactional,Home / (bank support section),Medium
CBD bank statement ocr,UAE Bank-Specific,Transactional,Home / (bank support section),Medium
CBD expense tracker,UAE Bank-Specific,Transactional,Home / (bank support section),Medium
CBD budgeting app,UAE Bank-Specific,Transactional,Home / (bank support section),Medium
CBD transaction categorization,UAE Bank-Specific,Transactional,Home / (bank support section),Medium
CBD statement upload app,UAE Bank-Specific,Transactional,Home / (bank support section),Medium
Commercial Bank of Dubai statement import,UAE Bank-Specific,Transactional,Home / (bank support section),Medium
Commercial Bank of Dubai statement pdf import,UAE Bank-Specific,Transactional,Home / (bank support section),Medium
Commercial Bank of Dubai bank statement ocr,UAE Bank-Specific,Transactional,Home / (bank support section),Medium
Commercial Bank of Dubai expense tracker,UAE Bank-Specific,Transactional,Home / (bank support section),Medium
Commercial Bank of Dubai budgeting app,UAE Bank-Specific,Transactional,Home / (bank support section),Medium
Commercial Bank of Dubai transaction categorization,UAE Bank-Specific,Transactional,Home / (bank support section),Medium
Commercial Bank of Dubai statement upload app,UAE Bank-Specific,Transactional,Home / (bank support section),Medium
ADIB statement import,UAE Bank-Specific,Transactional,Home / (bank support section),Medium
ADIB statement pdf import,UAE Bank-Specific,Transactional,Home / (bank support section),Medium
ADIB bank statement ocr,UAE Bank-Specific,Transactional,Home / (bank support section),Medium
ADIB expense tracker,UAE Bank-Specific,Transactional,Home / (bank support section),Medium
ADIB budgeting app,UAE Bank-Specific,Transactional,Home / (bank support section),Medium
ADIB transaction categorization,UAE Bank-Specific,Transactional,Home / (bank support section),Medium
ADIB statement upload app,UAE Bank-Specific,Transactional,Home / (bank support section),Medium
Abu Dhabi Islamic Bank statement import,UAE Bank-Specific,Transactional,Home / (bank support section),Medium
Abu Dhabi Islamic Bank statement pdf import,UAE Bank-Specific,Transactional,Home / (bank support section),Medium
Abu Dhabi Islamic Bank bank statement ocr,UAE Bank-Specific,Transactional,Home / (bank support section),Medium
Abu Dhabi Islamic Bank expense tracker,UAE Bank-Specific,Transactional,Home / (bank support section),Medium
Abu Dhabi Islamic Bank budgeting app,UAE Bank-Specific,Transactional,Home / (bank support section),Medium
Abu Dhabi Islamic Bank transaction categorization,UAE Bank-Specific,Transactional,Home / (bank support section),Medium
Abu Dhabi Islamic Bank statement upload app,UAE Bank-Specific,Transactional,Home / (bank support section),Medium
Emirates Islamic statement import,UAE Bank-Specific,Transactional,Home / (bank support section),Medium
Emirates Islamic statement pdf import,UAE Bank-Specific,Transactional,Home / (bank support section),Medium
Emirates Islamic bank statement ocr,UAE Bank-Specific,Transactional,Home / (bank support section),Medium
Emirates Islamic expense tracker,UAE Bank-Specific,Transactional,Home / (bank support section),Medium
Emirates Islamic budgeting app,UAE Bank-Specific,Transactional,Home / (bank support section),Medium
Emirates Islamic transaction categorization,UAE Bank-Specific,Transactional,Home / (bank support section),Medium
Emirates Islamic statement upload app,UAE Bank-Specific,Transactional,Home / (bank support section),Medium
Ajman Bank statement import,UAE Bank-Specific,Transactional,Home / (bank support section),Medium
Ajman Bank statement pdf import,UAE Bank-Specific,Transactional,Home / (bank support section),Medium
Ajman Bank bank statement ocr,UAE Bank-Specific,Transactional,Home / (bank support section),Medium
Ajman Bank expense tracker,UAE Bank-Specific,Transactional,Home / (bank support section),Medium
Ajman Bank budgeting app,UAE Bank-Specific,Transactional,Home / (bank support section),Medium
Ajman Bank transaction categorization,UAE Bank-Specific,Transactional,Home / (bank support section),Medium
Ajman Bank statement upload app,UAE Bank-Specific,Transactional,Home / (bank support section),Medium
Bank of Sharjah statement import,UAE Bank-Specific,Transactional,Home / (bank support section),Medium
Bank of Sharjah statement pdf import,UAE Bank-Specific,Transactional,Home / (bank support section),Medium
Bank of Sharjah bank statement ocr,UAE Bank-Specific,Transactional,Home / (bank support section),Medium
Bank of Sharjah expense tracker,UAE Bank-Specific,Transactional,Home / (bank support section),Medium
Bank of Sharjah budgeting app,UAE Bank-Specific,Transactional,Home / (bank support section),Medium
Bank of Sharjah transaction categorization,UAE Bank-Specific,Transactional,Home / (bank support section),Medium
Bank of Sharjah statement upload app,UAE Bank-Specific,Transactional,Home / (bank support section),Medium
YNAB alternative,Competitor Comparison,Commercial,New: /compare/{competitor},High
YNAB vs FinTrack,Competitor Comparison,Commercial,New: /compare/{competitor},High
YNAB alternative for UAE,Competitor Comparison,Commercial,New: /compare/{competitor},High
YNAB alternative for expats,Competitor Comparison,Commercial,New: /compare/{competitor},High
Mint alternative,Competitor Comparison,Commercial,New: /compare/{competitor},High
Mint vs FinTrack,Competitor Comparison,Commercial,New: /compare/{competitor},High
Mint alternative for UAE,Competitor Comparison,Commercial,New: /compare/{competitor},High
Mint alternative for expats,Competitor Comparison,Commercial,New: /compare/{competitor},High
Monarch Money alternative,Competitor Comparison,Commercial,New: /compare/{competitor},High
Monarch Money vs FinTrack,Competitor Comparison,Commercial,New: /compare/{competitor},High
Monarch Money alternative for UAE,Competitor Comparison,Commercial,New: /compare/{competitor},High
Monarch Money alternative for expats,Competitor Comparison,Commercial,New: /compare/{competitor},High
Copilot Money alternative,Competitor Comparison,Commercial,New: /compare/{competitor},High
Copilot Money vs FinTrack,Competitor Comparison,Commercial,New: /compare/{competitor},High
Copilot Money alternative for UAE,Competitor Comparison,Commercial,New: /compare/{competitor},High
Copilot Money alternative for expats,Competitor Comparison,Commercial,New: /compare/{competitor},High
Empower alternative,Competitor Comparison,Commercial,New: /compare/{competitor},High
Empower vs FinTrack,Competitor Comparison,Commercial,New: /compare/{competitor},High
Empower alternative for UAE,Competitor Comparison,Commercial,New: /compare/{competitor},High
Empower alternative for expats,Competitor Comparison,Commercial,New: /compare/{competitor},High
PocketGuard alternative,Competitor Comparison,Commercial,New: /compare/{competitor},High
PocketGuard vs FinTrack,Competitor Comparison,Commercial,New: /compare/{competitor},High
PocketGuard alternative for UAE,Competitor Comparison,Commercial,New: /compare/{competitor},High
PocketGuard alternative for expats,Competitor Comparison,Commercial,New: /compare/{competitor},High
Goodbudget alternative,Competitor Comparison,Commercial,New: /compare/{competitor},High
Goodbudget vs FinTrack,Competitor Comparison,Commercial,New: /compare/{competitor},High
Goodbudget alternative for UAE,Competitor Comparison,Commercial,New: /compare/{competitor},High
Goodbudget alternative for expats,Competitor Comparison,Commercial,New: /compare/{competitor},High
Simplifi alternative,Competitor Comparison,Commercial,New: /compare/{competitor},High
Simplifi vs FinTrack,Competitor Comparison,Commercial,New: /compare/{competitor},High
Simplifi alternative for UAE,Competitor Comparison,Commercial,New: /compare/{competitor},High
Simplifi alternative for expats,Competitor Comparison,Commercial,New: /compare/{competitor},High
best YNAB alternative UAE,Competitor Comparison,Commercial,New: /compare,High
apps like mint 2026,Competitor Comparison,Commercial,New: /compare,Medium
budgeting apps that work in the middle east,Competitor Comparison,Commercial,New: /compare,Medium
finance apps that support AED,Competitor Comparison,Commercial,New: /compare,Medium
personal finance app Dubai,Location-Based,Commercial,Home / (location landing pages),Medium
financial planning app Dubai,Location-Based,Commercial,Home / (location landing pages),Medium
money saving app Dubai,Location-Based,Commercial,Home / (location landing pages),Medium
budgeting app Abu Dhabi,Location-Based,Commercial,Home / (location landing pages),Medium
expense tracker Abu Dhabi,Location-Based,Commercial,Home / (location landing pages),Medium
personal finance app Abu Dhabi,Location-Based,Commercial,Home / (location landing pages),Medium
financial planning app Abu Dhabi,Location-Based,Commercial,Home / (location landing pages),Medium
money saving app Abu Dhabi,Location-Based,Commercial,Home / (location landing pages),Medium
budgeting app Sharjah,Location-Based,Commercial,Home / (location landing pages),Medium
expense tracker Sharjah,Location-Based,Commercial,Home / (location landing pages),Medium
personal finance app Sharjah,Location-Based,Commercial,Home / (location landing pages),Medium
financial planning app Sharjah,Location-Based,Commercial,Home / (location landing pages),Medium
money saving app Sharjah,Location-Based,Commercial,Home / (location landing pages),Medium
budgeting app Ajman,Location-Based,Commercial,Home / (location landing pages),Medium
expense tracker Ajman,Location-Based,Commercial,Home / (location landing pages),Medium
personal finance app Ajman,Location-Based,Commercial,Home / (location landing pages),Medium
financial planning app Ajman,Location-Based,Commercial,Home / (location landing pages),Medium
money saving app Ajman,Location-Based,Commercial,Home / (location landing pages),Medium
budgeting app UAE,Location-Based,Commercial,Home / (location landing pages),Medium
financial planning app UAE,Location-Based,Commercial,Home / (location landing pages),Medium
money saving app UAE,Location-Based,Commercial,Home / (location landing pages),Medium
budgeting app GCC,Location-Based,Commercial,Home / (location landing pages),Medium
expense tracker GCC,Location-Based,Commercial,Home / (location landing pages),Medium
personal finance app GCC,Location-Based,Commercial,Home / (location landing pages),Medium
financial planning app GCC,Location-Based,Commercial,Home / (location landing pages),Medium
money saving app GCC,Location-Based,Commercial,Home / (location landing pages),Medium
budgeting app Gulf,Location-Based,Commercial,Home / (location landing pages),Medium
expense tracker Gulf,Location-Based,Commercial,Home / (location landing pages),Medium
personal finance app Gulf,Location-Based,Commercial,Home / (location landing pages),Medium
financial planning app Gulf,Location-Based,Commercial,Home / (location landing pages),Medium
money saving app Gulf,Location-Based,Commercial,Home / (location landing pages),Medium
budgeting app Ras Al Khaimah,Location-Based,Commercial,Home / (location landing pages),Medium
expense tracker Ras Al Khaimah,Location-Based,Commercial,Home / (location landing pages),Medium
personal finance app Ras Al Khaimah,Location-Based,Commercial,Home / (location landing pages),Medium
financial planning app Ras Al Khaimah,Location-Based,Commercial,Home / (location landing pages),Medium
money saving app Ras Al Khaimah,Location-Based,Commercial,Home / (location landing pages),Medium
budgeting app Fujairah,Location-Based,Commercial,Home / (location landing pages),Medium
expense tracker Fujairah,Location-Based,Commercial,Home / (location landing pages),Medium
personal finance app Fujairah,Location-Based,Commercial,Home / (location landing pages),Medium
financial planning app Fujairah,Location-Based,Commercial,Home / (location landing pages),Medium
money saving app Fujairah,Location-Based,Commercial,Home / (location landing pages),Medium
how to budget in dubai,Informational / Blog,Informational,New: /blog/{slug},Medium
how to save money in uae,Informational / Blog,Informational,New: /blog/{slug},Medium
cost of living in dubai 2026,Informational / Blog,Informational,New: /blog/{slug},Medium
cost of living in abu dhabi,Informational / Blog,Informational,New: /blog/{slug},Medium
salary calculator uae,Informational / Blog,Informational,New: /blog/{slug},Medium
how to save money as an expat in uae,Informational / Blog,Informational,New: /blog/{slug},Medium
budgeting tips for expats in dubai,Informational / Blog,Informational,New: /blog/{slug},Medium
50/30/20 budget rule uae,Informational / Blog,Informational,New: /blog/{slug},Medium
envelope budgeting method explained,Informational / Blog,Informational,New: /blog/{slug},Medium
emergency fund calculator uae,Informational / Blog,Informational,New: /blog/{slug},Medium
how much should i save each month uae,Informational / Blog,Informational,New: /blog/{slug},Medium
how to build an emergency fund uae,Informational / Blog,Informational,New: /blog/{slug},Medium
average salary in dubai 2026,Informational / Blog,Informational,New: /blog/{slug},Medium
how to track expenses manually vs app,Informational / Blog,Informational,New: /blog/{slug},Medium
how to stop overspending,Informational / Blog,Informational,New: /blog/{slug},Medium
how to create a monthly budget,Informational / Blog,Informational,New: /blog/{slug},Medium
budgeting for families in uae,Informational / Blog,Informational,New: /blog/{slug},Medium
how to save for a house deposit uae,Informational / Blog,Informational,New: /blog/{slug},Medium
how to manage salary in aed and usd,Informational / Blog,Informational,New: /blog/{slug},Medium
best way to track daily expenses,Informational / Blog,Informational,New: /blog/{slug},Medium
how does bank statement ocr work,Informational / Blog,Informational,New: /blog/{slug},Medium
is it safe to upload bank statements online,Informational / Blog,Informational,New: /blog/{slug},Medium
how ai categorizes bank transactions,Informational / Blog,Informational,New: /blog/{slug},Medium
how to calculate safe to spend amount,Informational / Blog,Informational,New: /blog/{slug},Medium
zero based budgeting vs safe to spend,Informational / Blog,Informational,New: /blog/{slug},Medium
budgeting for salik and parking fees,Informational / Blog,Informational,New: /blog/{slug},Medium
how much do uae residents spend on groceries,Informational / Blog,Informational,New: /blog/{slug},Medium
average rent in dubai by area,Informational / Blog,Informational,New: /blog/{slug},Medium
how to reduce dewa bill,Informational / Blog,Informational,New: /blog/{slug},Medium
tips to save on food delivery apps uae,Informational / Blog,Informational,New: /blog/{slug},Medium
how to save money on talabat and careem,Informational / Blog,Informational,New: /blog/{slug},Medium
best savings account rates uae 2026,Informational / Blog,Informational,New: /blog/{slug},Medium
how to open a bank account in uae as expat,Informational / Blog,Informational,New: /blog/{slug},Medium
multi-currency banking tips uae,Informational / Blog,Informational,New: /blog/{slug},Medium
how to send money from uae to home country,Informational / Blog,Informational,New: /blog/{slug},Medium
remittance fees uae comparison,Informational / Blog,Informational,New: /blog/{slug},Medium
how to budget for ramadan expenses,Informational / Blog,Informational,New: /blog/{slug},Medium
end of service gratuity calculator uae,Informational / Blog,Informational,New: /blog/{slug},Medium
how to plan for school fees in dubai,Informational / Blog,Informational,New: /blog/{slug},Medium
family budget planner uae,Informational / Blog,Informational,New: /blog/{slug},Medium
how to track shared expenses with roommates,Informational / Blog,Informational,New: /blog/{slug},Medium
best budgeting method for beginners,Informational / Blog,Informational,New: /blog/{slug},Medium
how to pay off credit card debt uae,Informational / Blog,Informational,New: /blog/{slug},Medium
credit card debt payoff calculator uae,Informational / Blog,Informational,New: /blog/{slug},Medium
how to build credit history in uae,Informational / Blog,Informational,New: /blog/{slug},Medium
financial planning for new expats uae,Informational / Blog,Informational,New: /blog/{slug},Medium
how to negotiate salary in dubai,Informational / Blog,Informational,New: /blog/{slug},Medium
first job in dubai budgeting guide,Informational / Blog,Informational,New: /blog/{slug},Medium
how much rent should i pay based on salary,Informational / Blog,Informational,New: /blog/{slug},Medium
50 30 20 rule calculator,Informational / Blog,Informational,New: /blog/{slug},Medium
digital banking trends uae 2026,Informational / Blog,Informational,New: /blog/{slug},Medium
fintech apps in uae 2026,Informational / Blog,Informational,New: /blog/{slug},Medium
best money saving challenges,Informational / Blog,Informational,New: /blog/{slug},Medium
no spend month challenge uae,Informational / Blog,Informational,New: /blog/{slug},Medium
how to save aed 10000 in a year,Informational / Blog,Informational,New: /blog/{slug},Medium
best expense tracker app uae 2026,Commercial / Pricing,Commercial,Pricing /pricing,High
cheapest budgeting app uae,Commercial / Pricing,Commercial,Pricing /pricing,High
budget app with ai chat,Commercial / Pricing,Commercial,Pricing /pricing,High
budgeting app free trial,Commercial / Pricing,Commercial,Pricing /pricing,High
expense tracker app with family sharing,Commercial / Pricing,Commercial,Pricing /pricing,High
best free finance app dubai,Commercial / Pricing,Commercial,Pricing /pricing,High
affordable personal finance app uae,Commercial / Pricing,Commercial,Pricing /pricing,High
budgeting app with bank statement upload,Commercial / Pricing,Commercial,Pricing /pricing,High
top rated finance apps uae,Commercial / Pricing,Commercial,Pricing /pricing,High
best money management app for expats,Commercial / Pricing,Commercial,Pricing /pricing,High
expense tracker app no subscription,Commercial / Pricing,Commercial,Pricing /pricing,High
best budgeting app 2026 uae,Commercial / Pricing,Commercial,Pricing /pricing,High
top 10 finance apps in uae,Commercial / Pricing,Commercial,Pricing /pricing,High
student discount finance app uae,Commercial / Pricing,Commercial,Pricing /pricing,High
budgeting app for students uae,Commercial / Pricing,Commercial,Pricing /pricing,High
cheap alternative to ynab,Commercial / Pricing,Commercial,Pricing /pricing,High
budgeting app monthly subscription uae,Commercial / Pricing,Commercial,Pricing /pricing,High
best value personal finance app,Commercial / Pricing,Commercial,Pricing /pricing,High
expense tracker with AI insights price,Commercial / Pricing,Commercial,Pricing /pricing,High
finance app pricing comparison uae,Commercial / Pricing,Commercial,Pricing /pricing,High
fintech jobs dubai,Careers / Employer Brand,Navigational,Careers /careers,Low
fintech jobs uae,Careers / Employer Brand,Navigational,Careers /careers,Low
remote finance jobs uae,Careers / Employer Brand,Navigational,Careers /careers,Low
product designer jobs dubai,Careers / Employer Brand,Navigational,Careers /careers,Low
software engineer jobs fintech dubai,Careers / Employer Brand,Navigational,Careers /careers,Low
growth marketing jobs dubai,Careers / Employer Brand,Navigational,Careers /careers,Low
customer success jobs uae remote,Careers / Employer Brand,Navigational,Careers /careers,Low
fintech careers uae,Careers / Employer Brand,Navigational,Careers /careers,Low
startup jobs dubai fintech,Careers / Employer Brand,Navigational,Careers /careers,Low
full stack engineer jobs dubai remote friendly,Careers / Employer Brand,Navigational,Careers /careers,Low
fintrack careers,Careers / Employer Brand,Navigational,Careers /careers,Low
jobs at fintrack,Careers / Employer Brand,Navigational,Careers /careers,Low
salik expense tracking app,Merchant / Category,Transactional,Home / (merchant support section),Medium
dewa bill tracker app,Merchant / Category,Transactional,Home / (merchant support section),Medium
careem spending tracker,Merchant / Category,Transactional,Home / (merchant support section),Medium
talabat order spending tracker,Merchant / Category,Transactional,Home / (merchant support section),Medium
noon shopping expense tracker,Merchant / Category,Transactional,Home / (merchant support section),Medium
carrefour uae budget tracker,Merchant / Category,Transactional,Home / (merchant support section),Medium
etisalat e& bill tracking app,Merchant / Category,Transactional,Home / (merchant support section),Medium
du bill tracking app,Merchant / Category,Transactional,Home / (merchant support section),Medium
sewa bill tracker app,Merchant / Category,Transactional,Home / (merchant support section),Medium
nol card top up tracker,Merchant / Category,Transactional,Home / (merchant support section),Medium
emaar malls spending tracker,Merchant / Category,Transactional,Home / (merchant support section),Medium
uber uae expense tracking,Merchant / Category,Transactional,Home / (merchant support section),Medium
grocery spending tracker uae,Merchant / Category,Transactional,Home / (merchant support section),Medium
utility bills tracker uae,Merchant / Category,Transactional,Home / (merchant support section),Medium
subscription tracker app uae,Merchant / Category,Transactional,Home / (merchant support section),Medium
what is safe to spend money app,FAQ / Long-Tail Questions,Informational,FAQ /faq,Medium
what is a safe to spend budget,FAQ / Long-Tail Questions,Informational,FAQ /faq,Medium
how does fintrack calculate safe to spend,FAQ / Long-Tail Questions,Informational,FAQ /faq,Medium
is fintrack free to use,FAQ / Long-Tail Questions,Informational,FAQ /faq,Medium
does fintrack connect to my bank account,FAQ / Long-Tail Questions,Informational,FAQ /faq,Medium
is my financial data safe with fintrack,FAQ / Long-Tail Questions,Informational,FAQ /faq,Medium
how do i upload a bank statement to fintrack,FAQ / Long-Tail Questions,Informational,FAQ /faq,Medium
which uae banks does fintrack support,FAQ / Long-Tail Questions,Informational,FAQ /faq,Medium
can i use fintrack for multiple bank accounts,FAQ / Long-Tail Questions,Informational,FAQ /faq,Medium
is there a fintrack app for iphone and android,FAQ / Long-Tail Questions,Informational,FAQ /faq,Medium
how much does fintrack premium cost,FAQ / Long-Tail Questions,Informational,FAQ /faq,Medium
can i cancel fintrack subscription anytime,FAQ / Long-Tail Questions,Informational,FAQ /faq,Medium
does fintrack have a student discount,FAQ / Long-Tail Questions,Informational,FAQ /faq,Medium
how does fintrack keep my data private,FAQ / Long-Tail Questions,Informational,FAQ /faq,Medium
can i share fintrack account with my spouse,FAQ / Long-Tail Questions,Informational,FAQ /faq,Medium
what happens to my data if i cancel fintrack,FAQ / Long-Tail Questions,Informational,FAQ /faq,Medium
does fintrack support multiple currencies,FAQ / Long-Tail Questions,Informational,FAQ /faq,Medium
how accurate is fintrack ai categorization,FAQ / Long-Tail Questions,Informational,FAQ /faq,Medium
how long does fintrack statement scanning take,FAQ / Long-Tail Questions,Informational,FAQ /faq,Medium
does fintrack work without internet,FAQ / Long-Tail Questions,Informational,FAQ /faq,Medium
expat finance app uae,Multi-Currency / Expat,Commercial,Home / (expat messaging),Medium
multi-currency expense tracker,Multi-Currency / Expat,Commercial,Home / (expat messaging),Medium
aed usd gbp budget tracker,Multi-Currency / Expat,Commercial,Home / (expat messaging),Medium
expat budgeting app dubai,Multi-Currency / Expat,Commercial,Home / (expat messaging),Medium
international salary tracker app,Multi-Currency / Expat,Commercial,Home / (expat messaging),Medium
currency converter budgeting app,Multi-Currency / Expat,Commercial,Home / (expat messaging),Medium
money app for expats in gulf,Multi-Currency / Expat,Commercial,Home / (expat messaging),Medium
finance app for foreign workers uae,Multi-Currency / Expat,Commercial,Home / (expat messaging),Medium
multi-currency savings tracker,Multi-Currency / Expat,Commercial,Home / (expat messaging),Medium
budgeting app for remote workers uae,Multi-Currency / Expat,Commercial,Home / (expat messaging),Medium
finance app for digital nomads uae,Multi-Currency / Expat,Commercial,Home / (expat messaging),Medium
track salary in two currencies app,Multi-Currency / Expat,Commercial,Home / (expat messaging),Medium
expat money management dubai,Multi-Currency / Expat,Commercial,Home / (expat messaging),Medium
gcc expat finance app,Multi-Currency / Expat,Commercial,Home / (expat messaging),Medium
money app for western expats dubai,Multi-Currency / Expat,Commercial,Home / (expat messaging),Medium
best finance app android uae,App Store / Platform,Commercial,Home /,Low
best finance app iphone uae,App Store / Platform,Commercial,Home /,Low
best budgeting app app store uae,App Store / Platform,Commercial,Home /,Low
top personal finance apps google play uae,App Store / Platform,Commercial,Home /,Low
ios budgeting app uae,App Store / Platform,Commercial,Home /,Low
android expense tracker uae,App Store / Platform,Commercial,Home /,Low
web based budgeting app uae,App Store / Platform,Commercial,Home /,Low
budgeting app no download required,App Store / Platform,Commercial,Home /,Low
pwa finance app uae,App Store / Platform,Commercial,Home /,Low
cross platform expense tracker app,App Store / Platform,Commercial,Home /,Low
is it safe to scan bank statements with ai,Security / Trust,Informational,Privacy /privacy + New: /security,Low
bank-level encryption finance app,Security / Trust,Informational,Privacy /privacy + New: /security,Low
aes-256 encrypted budgeting app,Security / Trust,Informational,Privacy /privacy + New: /security,Low
gdpr compliant finance app uae,Security / Trust,Informational,Privacy /privacy + New: /security,Low
secure fintech app uae,Security / Trust,Informational,Privacy /privacy + New: /security,Low
finance app data privacy uae,Security / Trust,Informational,Privacy /privacy + New: /security,Low
how fintech apps protect financial data,Security / Trust,Informational,Privacy /privacy + New: /security,Low
finance apps without bank credential sharing,Security / Trust,Informational,Privacy /privacy + New: /security,Low
